dataset	algorithm	purity	clustering_time_elapsed	max_psi	max_rt
hill_shuffle_0	IKSHC	0.507886	2.162363	15	0.5
hill_shuffle_0	PERCH	0.505718	1.155561
hill_shuffle_1	IKSHC	0.508014	2.201390	17	0.5
hill_shuffle_1	PERCH	0.506088	1.296086
hill_shuffle_2	IKSHC	0.508068	2.237256	25	0.8
hill_shuffle_2	PERCH	0.504797	0.938930
hill_shuffle_3	IKSHC	0.508952	2.154900	17	0.6
hill_shuffle_3	PERCH	0.506517	1.283418
hill_shuffle_4	IKSHC	0.506322	2.170897	3	0.8
hill_shuffle_4	PERCH	0.505392	1.002869
hill_shuffle_5	IKSHC	0.508125	2.276900	5	0.8
hill_shuffle_5	PERCH	0.503162	1.137578
hill_shuffle_6	IKSHC	0.507808	2.172587	21	0.9
hill_shuffle_6	PERCH	0.504668	1.187146
hill_shuffle_7	IKSHC	0.507424	2.233979	17	0.9
hill_shuffle_7	PERCH	0.502531	1.193500
hill_shuffle_8	IKSHC	0.507238	2.166366	3	0.9
hill_shuffle_8	PERCH	0.505098	1.020752
hill_shuffle_9	IKSHC	0.506633	2.202400	7	0.7
hill_shuffle_9	PERCH	0.504721	1.068596
