dataset	algorithm	purity	clustering_time_elapsed	max_psi	max_rt
Isolet_shuffle_0	IKSHC	0.444347	65.651353	15	0.6
Isolet_shuffle_0	PERCH	0.399398	5.813046
Isolet_shuffle_1	IKSHC	0.469930	65.510130	15	0.7
Isolet_shuffle_1	PERCH	0.368882	4.756674
Isolet_shuffle_2	IKSHC	0.460796	65.676419	15	0.7
Isolet_shuffle_2	PERCH	0.438412	4.893283
Isolet_shuffle_3	IKSHC	0.448850	63.616999	15	0.7
Isolet_shuffle_3	PERCH	0.444373	4.480648
Isolet_shuffle_4	IKSHC	0.413246	63.486339	13	0.7
Isolet_shuffle_4	PERCH	0.376683	4.761612
Isolet_shuffle_5	IKSHC	0.424109	64.842304	15	0.6
Isolet_shuffle_5	PERCH	0.410384	4.867618
Isolet_shuffle_6	IKSHC	0.412417	64.022000	15	0.7
Isolet_shuffle_6	PERCH	0.390055	4.972016
Isolet_shuffle_7	IKSHC	0.459920	63.620389	15	0.6
Isolet_shuffle_7	PERCH	0.413520	5.075494
Isolet_shuffle_8	IKSHC	0.432132	64.481232	15	0.6
Isolet_shuffle_8	PERCH	0.396708	4.578381
