dataset	algorithm	purity	clustering_time_elapsed	max_psi	max_rt
lung_shuffle_0	IKSHC	0.873641	0.449467	25	0.6
lung_shuffle_0	PERCH	0.680342	0.865160
lung_shuffle_1	IKSHC	0.892309	0.432316	7	0.4
lung_shuffle_1	PERCH	0.826045	0.959330
lung_shuffle_2	IKSHC	0.860416	0.437078	15	0.9
lung_shuffle_2	PERCH	0.730866	0.851152
lung_shuffle_3	IKSHC	0.884411	0.441929	7	0.9
lung_shuffle_3	PERCH	0.728536	0.835711
lung_shuffle_4	IKSHC	0.911012	0.435007	15	0.9
lung_shuffle_4	PERCH	0.749515	0.941866
lung_shuffle_5	IKSHC	0.862667	0.435954	13	0.5
lung_shuffle_5	PERCH	0.756268	0.981034
lung_shuffle_6	IKSHC	0.841717	0.429013	5	0.7
lung_shuffle_6	PERCH	0.701045	0.950873
lung_shuffle_7	IKSHC	0.917904	0.432541	7	0.7
lung_shuffle_7	PERCH	0.788521	0.967001
lung_shuffle_8	IKSHC	0.842318	0.423649	13	0.5
lung_shuffle_8	PERCH	0.703262	0.935907
lung_shuffle_9	IKSHC	0.880065	0.429651	7	0.5
lung_shuffle_9	PERCH	0.721083	0.924485
